,City,Cloudiness,Country,Date,Humidity,Lat,Lng,Max Temp,Wind Speed
0,shingu,20.0,JP,1545703200,43.0,33.72,135.99,51.8,9.17
1,hobart,75.0,AU,1545701400,34.0,-42.88,147.33,68.0,14.99
2,dunblane,90.0,GB,1545702600,92.0,56.19,-3.96,30.2,2.24
3,port alfred,8.0,ZA,1545704362,100.0,-33.59,26.89,65.93,2.26
4,butaritari,92.0,KI,1545704362,100.0,3.07,172.79,76.19,4.94
5,banda aceh,56.0,ID,1545704362,92.0,5.56,95.32,79.61,2.37
6,nadym,32.0,RU,1545704362,76.0,65.53,72.51,-16.87,15.46
7,mataura,0.0,NZ,1545704363,60.0,-46.19,168.86,75.65,9.64
8,touros,20.0,BR,1545703200,88.0,-5.2,-35.46,77.0,4.7
9,coihaique,75.0,CL,1545703200,62.0,-45.58,-72.07,55.4,6.93
10,geraldton,90.0,CA,1545703200,76.0,49.72,-86.95,-5.81,2.59
11,jimo,92.0,CN,1545703200,70.0,36.39,120.46,44.6,2.24
12,vestmannaeyjar,44.0,IS,1545704365,100.0,63.44,-20.27,40.91,13.22
13,chuy,0.0,UY,1545704365,94.0,-33.69,-53.46,63.14,10.65
14,cockburn town,64.0,TC,1545704208,100.0,21.46,-71.14,78.85,15.9
15,san quintin,24.0,PH,1545704365,63.0,17.54,120.52,83.98,3.38
16,barrow,8.0,AR,1545704366,34.0,-38.31,-60.23,82.85,15.68
17,puerto ayora,56.0,EC,1545704154,99.0,-0.74,-90.35,76.55,8.08
18,nemuro,20.0,JP,1545703200,42.0,43.32,145.57,26.6,9.17
19,grand gaube,20.0,MU,1545703200,83.0,-20.01,57.66,77.0,3.36
20,karratha,0.0,AU,1545704366,16.0,-20.74,116.85,108.23,13.11
21,te anau,0.0,NZ,1545704367,35.0,-45.41,167.72,73.27,8.97
22,ponta do sol,56.0,BR,1545704367,96.0,-20.63,-46.0,66.25,1.14
23,rikitea,88.0,PF,1545704367,100.0,-23.12,-134.97,77.95,16.02
24,lebu,20.0,ET,1545699600,76.0,8.96,38.73,48.2,4.7
25,sur,0.0,OM,1545704368,100.0,22.57,59.53,68.27,3.94
26,east london,20.0,ZA,1545704368,100.0,-33.02,27.91,70.16,3.04
27,berezayka,56.0,RU,1545704369,85.0,57.99,33.91,8.92,3.27
28,bluff,0.0,AU,1545704369,39.0,-23.58,149.07,88.25,11.65
29,vila franca do campo,40.0,PT,1545701400,82.0,37.72,-25.43,57.2,8.05
30,madras,90.0,US,1545702960,99.0,44.63,-121.13,37.94,10.29
31,atuona,88.0,PF,1545704370,100.0,-9.8,-139.03,80.2,17.02
32,saint anthony,90.0,US,1545702960,88.0,43.97,-111.68,28.94,5.82
33,darab,20.0,IR,1545704370,66.0,28.75,54.55,19.85,1.7
34,neryungri,44.0,RU,1545704370,40.0,56.66,124.71,-28.26,15.9
35,rincon,1.0,US,1545704100,100.0,32.3,-81.24,44.96,5.39
36,dankov,76.0,RU,1545704371,88.0,53.25,39.16,20.57,3.6
37,puerto rondon,0.0,CO,1545704372,57.0,6.28,-71.1,78.67,8.41
38,tuktoyaktuk,40.0,CA,1545700860,73.0,69.44,-133.03,-34.61,4.7
39,cape town,0.0,ZA,1545703200,82.0,-33.93,18.42,64.4,4.7
40,ushuaia,75.0,AR,1545703200,75.0,-54.81,-68.31,42.8,17.22
41,talaya,0.0,RU,1545703200,73.0,55.79,84.89,-34.61,2.24
42,bredasdorp,8.0,ZA,1545703200,73.0,-34.53,20.04,69.8,1.12
43,nome,90.0,US,1545702900,90.0,30.04,-94.42,59.0,5.82
44,bandarbeyla,20.0,SO,1545704373,97.0,9.49,50.81,78.71,24.63
45,jamestown,0.0,AU,1545704374,17.0,-33.21,138.6,95.23,4.72
46,bac,0.0,RS,1545701400,74.0,45.39,19.24,33.8,14.99
47,clyde river,1.0,CA,1545703200,76.0,70.47,-68.59,-9.41,14.99
48,saint-gabriel,1.0,CA,1545699600,84.0,46.3,-73.38,8.6,2.24
49,bukachacha,36.0,RU,1545704375,19.0,52.99,116.91,-13.59,6.96
50,abeche,36.0,TD,1545704375,33.0,13.83,20.83,58.82,13.44
51,busselton,8.0,AU,1545704375,73.0,-33.64,115.35,77.09,5.95
52,pacific grove,90.0,US,1545703200,89.0,36.62,-121.92,57.92,14.99
53,victoria,75.0,BN,1545703200,83.0,5.28,115.24,86.0,4.7
54,cabo san lucas,90.0,MX,1545702360,73.0,22.89,-109.91,71.6,2.59
55,punta arenas,75.0,CL,1545703200,75.0,-53.16,-70.91,42.8,11.41
56,chililabombwe,92.0,ZM,1545704377,98.0,-12.37,27.84,63.1,3.04
57,dongsheng,92.0,CN,1545704377,100.0,29.72,112.52,45.14,8.63
58,comodoro rivadavia,0.0,AR,1545703200,33.0,-45.87,-67.48,77.0,16.11
59,lorengau,32.0,PG,1545704377,100.0,-2.02,147.27,83.98,5.17
60,avarua,40.0,CK,1545703200,66.0,-21.21,-159.78,84.2,10.29
61,nanortalik,8.0,GL,1545704378,88.0,60.14,-45.24,35.51,20.6
62,sechura,24.0,PE,1545704378,81.0,-5.56,-80.82,72.37,10.42
63,nikolskoye,90.0,RU,1545703200,92.0,59.7,30.79,26.6,8.95
64,kirakira,24.0,SB,1545704379,100.0,-10.46,161.92,83.17,7.4
65,terrace,90.0,CA,1545700140,92.0,54.52,-128.61,32.0,3.36
66,siuna,92.0,NI,1545704379,99.0,13.73,-84.78,70.57,3.15
67,nokia,90.0,FI,1545702600,92.0,61.48,23.51,24.8,6.93
68,monrovia,20.0,LR,1545703200,94.0,6.33,-10.8,73.4,4.5
69,hithadhoo,0.0,MV,1545704156,100.0,-0.6,73.08,81.05,3.94
70,vaini,36.0,IN,1545703200,82.0,15.34,74.49,62.6,3.94
71,nishihara,40.0,JP,1545703200,33.0,35.74,139.53,46.4,4.7
72,alofi,75.0,NU,1545703200,70.0,-19.06,-169.92,86.0,14.99
73,ribeira grande,0.0,PT,1545704381,100.0,38.52,-28.7,57.7,7.85
74,pochutla,75.0,MX,1545698520,73.0,15.74,-96.47,78.8,5.73
75,kilemary,80.0,RU,1545704382,84.0,56.78,46.86,24.26,15.23
76,ambulu,68.0,ID,1545704382,100.0,-8.35,113.61,79.97,3.71
77,arraial do cabo,92.0,BR,1545704382,100.0,-22.97,-42.02,73.85,2.82
78,san patricio,0.0,PY,1545704382,74.0,-26.98,-56.83,75.11,4.16
79,bethel,1.0,US,1545702960,82.0,60.79,-161.76,6.98,14.99
80,cherskiy,80.0,RU,1545704384,48.0,68.75,161.3,-29.11,2.93
81,gondanglegi,64.0,ID,1545704384,62.0,-7.75,112.01,83.48,3.71
82,saint-augustin,90.0,FR,1545701400,93.0,44.83,-0.61,51.8,4.7
83,kemin,88.0,KG,1545704385,80.0,42.79,75.7,13.01,2.15
84,chikwawa,76.0,MW,1545704385,93.0,-16.03,34.79,71.92,2.71
85,labuhan,32.0,ID,1545704385,71.0,-2.54,115.51,83.75,3.6
86,tripoli,56.0,GR,1545704386,93.0,37.51,22.37,47.12,1.92
87,abu dhabi,20.0,AE,1545703200,63.0,24.47,54.37,66.2,9.17
88,poum,88.0,MK,1545704386,98.0,41.28,20.71,29.98,1.92
89,regina,90.0,CA,1545699600,78.0,50.45,-104.62,14.0,6.93
90,kununurra,0.0,AU,1545703200,50.0,-15.77,128.74,96.8,6.93
91,kruisfontein,12.0,ZA,1545704387,94.0,-34.0,24.73,62.83,2.59
92,castro,92.0,CL,1545703200,82.0,-42.48,-73.76,59.0,4.7
93,saint george,75.0,GR,1545699000,70.0,39.45,22.34,50.0,20.8
94,albany,90.0,US,1545702960,85.0,42.65,-73.75,33.98,5.82
95,kysyl-syr,20.0,RU,1545704388,38.0,63.9,122.77,-24.84,7.4
96,codrington,40.0,AU,1545699600,47.0,-28.95,153.24,80.6,5.82
97,half moon bay,90.0,US,1545703980,82.0,37.46,-122.43,57.2,16.11
98,tasiilaq,56.0,GL,1545702600,80.0,65.61,-37.64,33.8,3.94
99,saint-philippe,90.0,CA,1545702900,89.0,45.36,-73.48,19.4,2.59
100,mahebourg,20.0,MU,1545703200,83.0,-20.41,57.7,77.0,3.36
101,college,20.0,US,1545702960,72.0,64.86,-147.8,-20.93,4.72
102,altayskoye,36.0,RU,1545704390,74.0,51.95,85.34,-11.16,3.15
103,hilo,90.0,US,1545702780,76.0,19.71,-155.08,77.0,3.36
104,atar,44.0,MR,1545704391,34.0,20.52,-13.05,55.45,5.17
105,voh,56.0,NC,1545704391,95.0,-20.95,164.69,80.6,20.38
106,longyearbyen,40.0,NO,1545702600,67.0,78.22,15.63,19.4,12.75
107,buckeye,75.0,US,1545702900,43.0,33.37,-112.58,62.96,6.93
108,pachino,0.0,IT,1545704392,100.0,36.72,15.09,59.99,17.47
109,qaanaaq,0.0,GL,1545704393,92.0,77.48,-69.36,-21.64,10.09
110,lunenburg,90.0,US,1545702840,69.0,42.59,-71.72,35.06,4.7
111,aklavik,75.0,CA,1545703200,74.0,68.22,-135.01,-27.41,6.06
112,udachnyy,68.0,RU,1545704393,33.0,66.42,112.4,-22.86,4.72
113,vao,56.0,EE,1545704394,94.0,59.1,26.19,18.5,6.85
114,ucluelet,90.0,CA,1545699600,93.0,48.94,-125.55,42.8,3.36
115,abu samrah,0.0,SY,1545704394,91.0,35.3,37.18,38.66,5.5
116,tupik,12.0,RU,1545704395,33.0,54.43,119.94,-24.25,7.4
117,ahipara,88.0,NZ,1545704395,89.0,-35.17,173.16,67.33,15.57
118,muriwai beach,68.0,NZ,1545703200,88.0,-36.82,174.45,64.4,10.29
119,victor harbor,0.0,AU,1545703200,32.0,-35.55,138.62,82.4,10.29
120,carutapera,80.0,BR,1545704396,96.0,-1.2,-46.02,77.09,5.73
121,kichera,0.0,RU,1545704396,0.0,55.93,110.1,-38.56,3.6
122,loikaw,0.0,MM,1545704396,74.0,19.67,97.21,67.33,2.71
123,maraa,12.0,BR,1545704396,97.0,-1.83,-65.37,72.28,2.71
124,san carlos,8.0,VE,1545704387,59.0,9.66,-68.59,72.73,6.06
125,bambous virieux,20.0,MU,1545703200,83.0,-20.34,57.76,77.0,3.36
126,port lincoln,0.0,AU,1545704397,60.0,-34.72,135.86,78.08,9.42
127,georgetown,40.0,GY,1545703200,88.0,6.8,-58.16,78.8,6.93
128,leningradskiy,44.0,RU,1545704398,99.0,69.38,178.42,-5.49,3.38
129,guerrero negro,0.0,MX,1545704398,100.0,27.97,-114.04,57.07,7.85
130,saskylakh,88.0,RU,1545704399,65.0,71.97,114.09,0.05,13.56
131,caxias,0.0,BR,1545703200,88.0,-4.87,-43.35,75.2,4.7
132,bilma,0.0,NE,1545704400,65.0,18.69,12.92,44.65,2.37
133,honningsvag,12.0,NO,1545704133,100.0,70.98,25.97,18.68,7.4
134,luderitz,0.0,NA,1545704400,84.0,-26.65,15.16,57.29,11.43
135,wasilla,1.0,US,1545703080,83.0,61.58,-149.44,15.08,2.59
136,namibe,36.0,AO,1545704401,100.0,-15.19,12.15,73.85,1.81
137,severo-kurilsk,12.0,RU,1545704401,100.0,50.68,156.12,26.92,12.33
138,bima,80.0,ID,1545704401,92.0,-8.45,118.73,80.69,2.71
139,kalabo,0.0,ZM,1545704401,86.0,-15.0,22.67,66.25,7.4
140,xai-xai,56.0,MZ,1545704402,93.0,-25.04,33.64,76.46,15.01
141,thompson,90.0,CA,1545699600,76.0,55.74,-97.86,-4.01,4.7
142,gravdal,92.0,NO,1545702600,87.0,59.79,5.78,44.6,18.34
143,quatre cocos,20.0,MU,1545703200,83.0,-20.21,57.76,77.0,3.36
144,majene,64.0,ID,1545704403,100.0,-3.54,118.97,80.6,11.32
145,ostrovnoy,36.0,RU,1545704404,86.0,68.05,39.51,14.77,18.81
146,riyadh,0.0,SA,1545703200,61.0,24.63,46.72,50.0,4.7
147,vendychany,68.0,UA,1545704404,87.0,48.61,27.79,24.98,18.7
148,maku,0.0,IR,1545704405,51.0,39.29,44.45,3.25,2.71
149,skibbereen,92.0,IE,1545704405,100.0,51.55,-9.27,50.77,14.79
150,kurchum,76.0,KZ,1545704405,67.0,48.57,83.65,-5.17,1.14
151,roald,90.0,NO,1545702600,93.0,62.58,6.12,44.6,19.46
152,khatanga,80.0,RU,1545704406,69.0,71.98,102.47,-1.26,22.06
153,kodiak,90.0,US,1545702900,67.0,39.95,-94.76,42.98,10.29
154,isangel,0.0,VU,1545704406,97.0,-19.55,169.27,81.28,14.79
155,hay river,90.0,CA,1545703200,77.0,60.82,-115.79,-2.21,6.93
156,sitka,0.0,US,1545704407,76.0,37.17,-99.65,29.21,3.94
157,dikson,88.0,RU,1545704489,97.0,73.51,80.55,19.94,34.81
158,hofn,0.0,IS,1545704408,96.0,64.25,-15.21,40.1,16.46
159,torres,88.0,BR,1545704291,100.0,-29.34,-49.73,69.17,6.85
160,rio grande,0.0,BR,1545704409,94.0,-32.03,-52.1,67.91,12.88
161,chimore,100.0,BO,1545704409,98.0,-16.98,-65.13,70.52,3.04
162,muros,0.0,ES,1545701400,76.0,42.77,-9.06,48.2,4.7
163,lompoc,90.0,US,1545703020,93.0,34.64,-120.46,59.0,17.22
164,nampula,75.0,MZ,1545699600,94.0,-15.12,39.26,71.6,2.15
165,hermanus,8.0,ZA,1545704410,99.0,-34.42,19.24,53.92,2.48
166,norman wells,90.0,CA,1545699600,77.0,65.28,-126.83,-2.21,6.93
167,san cristobal,20.0,EC,1545703200,100.0,-0.39,-78.55,55.4,5.82
168,atocha,48.0,EC,1545704411,91.0,-1.22,-78.6,42.62,1.25
169,airai,8.0,TL,1545704412,71.0,-8.93,125.41,83.17,1.81
170,barcelona,0.0,ES,1545701400,93.0,41.38,2.18,48.2,3.36
171,vicar,32.0,ES,1545701400,76.0,36.83,-2.64,48.2,2.24
172,torbay,90.0,CA,1545699600,73.0,47.66,-52.73,23.0,11.41
173,vardo,75.0,US,1545702900,45.0,39.62,-77.74,42.8,12.75
174,klaksvik,12.0,FO,1545702600,81.0,62.23,-6.59,42.8,16.11
175,tateyama,75.0,JP,1545703200,42.0,36.66,137.31,46.4,6.93
176,bereda,48.0,ES,1545701400,100.0,43.27,-7.54,42.8,4.7
177,nabire,32.0,ID,1545704415,70.0,-3.36,135.5,83.21,2.59
178,lagoa,0.0,PT,1545701400,93.0,37.14,-8.45,48.2,5.82
179,beidao,44.0,CN,1545704415,79.0,34.57,105.89,28.72,3.6
180,cabra,20.0,ES,1545701400,93.0,37.47,-4.43,41.0,3.36
181,opuwo,80.0,NA,1545704417,91.0,-18.06,13.84,63.68,1.59
182,baykit,56.0,RU,1545704417,37.0,61.68,96.39,-25.06,3.71
183,malanje,92.0,AO,1545704417,96.0,-9.54,16.35,65.53,2.93
184,espanola,36.0,CA,1545704418,75.0,46.27,-81.77,5.32,2.93
185,cidreira,44.0,BR,1545704419,82.0,-30.17,-50.22,69.67,13.0
186,avera,1.0,US,1545702900,91.0,33.19,-82.53,46.94,3.36
187,ogaminana,0.0,NG,1545704419,68.0,7.6,6.2,61.97,2.71
188,atasu,0.0,KZ,1545704420,34.0,48.68,71.64,-23.53,3.94
189,sabha,0.0,LY,1545704420,75.0,27.03,14.43,34.3,3.04
190,kapaa,40.0,US,1545702960,71.0,22.08,-159.32,77.0,10.29
191,okhotsk,0.0,RU,1545704421,100.0,59.36,143.24,-2.79,8.63
192,xining,24.0,CN,1545704421,74.0,36.62,101.77,11.48,3.38
193,sao joaquim,80.0,BR,1545704366,100.0,-28.29,-49.93,59.32,3.49
194,sioux lookout,90.0,CA,1545701340,85.0,50.1,-91.92,15.8,2.24
195,tagusao,88.0,PH,1545704422,99.0,9.19,117.81,79.7,6.29
196,upata,56.0,VE,1545704422,94.0,8.02,-62.41,70.25,8.52
197,chokurdakh,44.0,RU,1545704423,46.0,70.62,147.9,-28.26,7.63
198,talnakh,56.0,RU,1545704423,74.0,69.49,88.39,-16.83,20.49
199,verkhoyansk,12.0,RU,1545704423,0.0,67.55,133.39,-52.06,2.15
200,ilulissat,80.0,GL,1545702600,61.0,69.22,-51.1,14.0,14.99
201,ixtapa,75.0,MX,1545702420,94.0,20.71,-105.21,71.6,1.14
202,miandrivazo,48.0,MG,1545704425,89.0,-19.53,45.46,64.85,2.93
203,san lawrenz,0.0,MT,1545702300,63.0,36.06,14.2,60.8,17.22
204,sao filipe,68.0,CV,1545704425,100.0,14.9,-24.5,74.08,10.2
205,neiafu,75.0,TO,1545703200,74.0,-18.65,-173.98,84.2,10.29
206,pevek,20.0,RU,1545704426,100.0,69.7,170.27,-25.38,3.27
207,mehamn,12.0,NO,1545704426,100.0,71.03,27.85,11.8,4.94
208,nakasongola,0.0,UG,1545704426,90.0,1.32,32.46,59.9,4.05
209,yumen,76.0,CN,1545704426,77.0,40.29,97.04,10.9,1.36
210,mar del plata,68.0,AR,1545704427,43.0,-46.43,-67.52,71.51,18.03
211,new norfolk,75.0,AU,1545703200,37.0,-42.78,147.06,68.0,14.99
212,carnarvon,0.0,ZA,1545704427,58.0,-30.97,22.13,60.53,2.93
213,kaitangata,0.0,NZ,1545704427,75.0,-46.28,169.85,74.84,3.6
214,saint-joseph,0.0,FR,1545701400,93.0,43.56,6.97,42.8,2.24
215,hasaki,20.0,JP,1545703200,39.0,35.73,140.83,46.4,6.93
216,shenjiamen,68.0,CN,1545704429,86.0,29.96,122.3,58.55,12.21
217,taylor,90.0,US,1545702960,87.0,30.57,-97.41,57.56,6.85
218,vila velha,0.0,BR,1545703200,88.0,-3.71,-38.6,77.0,5.82
219,dong xoai,36.0,VN,1545704430,88.0,11.53,106.92,80.15,4.16
220,jiazi,75.0,CN,1545703200,94.0,19.61,110.49,71.6,6.71
221,kuandian,0.0,CN,1545704430,60.0,40.73,124.78,31.6,4.94
222,kitui,20.0,KE,1545704430,85.0,-1.37,38.02,57.74,3.49
223,fairbanks,20.0,US,1545702960,72.0,64.84,-147.72,-20.93,4.72
224,yar-sale,48.0,RU,1545704431,92.0,66.83,70.83,-10.53,20.71
225,kulhudhuffushi,64.0,MV,1545704432,100.0,6.62,73.07,82.18,15.68
226,upernavik,8.0,GL,1545704432,100.0,72.79,-56.15,1.49,15.57
227,totness,1.0,US,1545702960,80.0,33.74,-80.8,41.0,4.7
228,baghdad,0.0,IQ,1545703200,100.0,33.3,44.38,50.0,6.93
229,narsaq,12.0,GL,1545704433,92.0,60.91,-46.05,29.57,6.17
230,svetlogorsk,90.0,RU,1545703200,75.0,53.14,59.15,-13.01,6.71
231,gombong,44.0,ID,1545704434,78.0,-7.19,109.31,80.87,3.15
232,tres arroyos,8.0,AR,1545704434,34.0,-38.38,-60.28,82.85,15.68
233,aron,0.0,IN,1545704434,59.0,24.38,77.42,57.56,10.65
234,hamilton,40.0,BM,1545702900,77.0,32.3,-64.78,68.0,13.87
235,uruzgan,0.0,AF,1545704435,47.0,32.93,66.63,-3.69,1.36
236,mandalgovi,32.0,MN,1545704435,52.0,45.76,106.27,-6.97,8.41
237,kavieng,36.0,PG,1545704436,100.0,-2.57,150.8,83.98,7.4
238,qandala,76.0,SO,1545704436,100.0,11.47,49.87,63.68,3.83
239,verkhnevilyuysk,0.0,RU,1545704437,37.0,63.45,120.31,-24.48,7.85
240,manuk mangkaw,24.0,PH,1545704437,100.0,4.8,119.85,82.0,0.36
241,port elizabeth,75.0,US,1545702900,64.0,39.31,-74.98,42.08,5.82
242,umm kaddadah,0.0,SD,1545704437,55.0,13.6,26.69,54.55,11.54
243,alice springs,0.0,AU,1545703200,6.0,-23.7,133.88,100.4,10.29
244,port moresby,40.0,PG,1545699600,62.0,-9.47,147.16,89.6,10.29
245,strezhevoy,0.0,RU,1545703200,74.0,60.73,77.6,-25.61,6.71
246,santa marta,20.0,CO,1545703200,61.0,11.24,-74.21,82.4,16.11
247,cayenne,20.0,GF,1545703200,83.0,4.94,-52.33,78.8,4.7
248,ati,32.0,TD,1545704439,29.0,13.21,18.34,60.71,11.21
249,puerto rico,48.0,PY,1545704439,81.0,-26.82,-55.03,76.19,2.59
250,jiuquan,44.0,CN,1545704440,45.0,39.73,98.49,2.12,2.37
251,taoudenni,0.0,ML,1545704440,38.0,22.68,-3.98,51.8,12.44
252,caravelas,36.0,BR,1545704440,99.0,-17.73,-39.27,80.65,21.61
253,puerto escondido,36.0,MX,1545704441,100.0,15.86,-97.07,79.97,5.39
254,caxito,88.0,BR,1545704441,100.0,-22.65,-42.51,72.32,2.71
255,oudtshoorn,0.0,ZA,1545703200,93.0,-33.59,22.2,62.6,2.24
256,elumalai,75.0,IN,1545703200,88.0,9.86,77.7,75.2,3.36
257,tromso,40.0,NO,1545702600,99.0,69.65,18.96,32.0,11.41
258,santona,20.0,ES,1545701400,100.0,43.44,-3.46,48.2,3.36
259,sao sebastiao,76.0,BR,1545704442,90.0,-3.15,-58.36,77.18,3.94
260,batagay-alyta,0.0,RU,1545704442,0.0,67.8,130.41,-49.99,2.59
261,necochea,8.0,AR,1545704303,46.0,-38.55,-58.74,80.02,12.44
262,vanavara,24.0,RU,1545704443,0.0,60.35,102.28,-38.29,2.71
263,bandundu,12.0,CD,1545704443,96.0,-3.32,17.38,71.65,2.71
264,port blair,32.0,IN,1545704443,100.0,11.67,92.75,79.48,3.94
265,salym,0.0,RU,1545704443,45.0,60.06,71.48,-27.58,7.07
266,bende,0.0,NG,1545704444,47.0,7.83,8.63,72.23,9.98
267,constitucion,75.0,MX,1545702120,18.0,23.99,-104.67,59.0,4.16
268,ostashkov,64.0,RU,1545704445,79.0,57.14,33.12,10.45,5.95
269,buraydah,0.0,SA,1545699600,87.0,26.33,43.97,53.6,4.7
270,kendari,76.0,ID,1545704445,84.0,-3.99,122.52,82.76,3.94
271,worthington,90.0,US,1545702960,91.0,43.62,-95.6,26.6,5.82
272,swakopmund,32.0,NA,1545703200,93.0,-22.68,14.53,60.8,9.17
273,walvis bay,32.0,NA,1545703200,93.0,-22.95,14.51,60.8,9.17
274,faanui,56.0,PF,1545704446,100.0,-16.48,-151.75,81.32,11.77
275,tautira,75.0,PF,1545703200,70.0,-17.73,-149.15,84.2,13.87
276,medea,20.0,DZ,1545701400,100.0,36.27,2.77,41.0,3.36
277,yellowknife,90.0,CA,1545699600,83.0,62.45,-114.38,-7.61,4.7
278,margate,75.0,AU,1545703200,37.0,-43.03,147.26,68.0,14.99
279,owensboro,1.0,US,1545702960,78.0,37.77,-87.11,37.94,4.7
280,the valley,20.0,AI,1545703200,69.0,18.22,-63.06,77.0,11.41
281,omboue,80.0,GA,1545704448,100.0,-1.57,9.26,80.02,3.94
282,mahajanga,40.0,MG,1545703200,88.0,-15.72,46.32,77.0,9.98
283,lavrentiya,68.0,RU,1545704449,100.0,65.58,-170.99,11.35,7.74
284,esperance,20.0,TT,1545703200,88.0,10.24,-61.45,75.2,5.95
285,adrar,0.0,DZ,1545699600,53.0,27.87,-0.29,50.0,13.87
286,provideniya,90.0,RU,1545703200,85.0,64.42,-173.23,10.4,2.24
287,beloha,0.0,MG,1545704449,85.0,-25.17,45.06,65.66,3.71
288,tiksi,76.0,RU,1545704450,29.0,71.64,128.87,-20.34,19.37
289,ormara,0.0,PK,1545704450,100.0,25.21,64.64,65.3,5.17
290,evanston,1.0,US,1545702900,65.0,42.04,-87.69,30.92,1.7
291,camacha,20.0,PT,1545701400,77.0,33.08,-16.33,66.2,25.28
292,el alto,75.0,BO,1545703200,87.0,-16.5,-68.19,44.6,3.36
293,natal,20.0,BR,1545703200,78.0,-5.81,-35.21,78.8,5.82
294,darnah,92.0,LY,1545704452,100.0,32.77,22.64,64.58,21.27
295,manaus,40.0,BR,1545703200,100.0,-3.13,-59.98,75.2,3.36
296,lastoursville,44.0,GA,1545704452,96.0,-0.81,12.73,73.31,2.15
297,jinka,36.0,ET,1545704453,59.0,5.79,36.57,63.77,1.59
298,flinders,0.0,AU,1545703200,38.0,-34.58,150.85,89.6,10.29
299,russell,12.0,AR,1545704453,55.0,-33.01,-68.8,66.07,2.71
300,teguldet,32.0,RU,1545704453,0.0,57.31,88.17,-33.34,2.59
301,saint-georges,48.0,CA,1545704182,60.0,46.12,-70.67,12.25,5.39
302,dickinson,1.0,US,1545702960,80.0,46.88,-102.79,23.0,8.05
303,corrales,0.0,CO,1545704454,89.0,5.83,-72.84,40.82,0.69
304,tucurui,56.0,BR,1545704454,91.0,-3.77,-49.67,76.33,3.15
305,tharad,0.0,IN,1545704455,80.0,24.39,71.63,48.74,6.4
306,dicabisagan,100.0,PH,1545704455,100.0,17.08,122.42,75.38,6.51
307,portland,75.0,US,1545699180,82.0,45.52,-122.67,44.06,1.92
308,pisco,90.0,PE,1545703200,83.0,-13.71,-76.2,69.8,3.36
309,columbus,1.0,US,1545703080,70.0,32.46,-84.99,42.98,3.6
310,prince rupert,90.0,CA,1545699600,93.0,54.32,-130.32,39.2,5.82
311,yarim,0.0,YE,1545704457,62.0,14.3,44.38,22.15,2.71
312,zhigansk,0.0,RU,1545704457,0.0,66.77,123.37,-38.61,3.15
313,changli,92.0,CN,1545704457,100.0,30.54,105.42,46.72,4.27
314,vostok,0.0,RU,1545704457,53.0,46.45,135.83,11.8,2.93
315,ibra,8.0,OM,1545704458,99.0,22.69,58.55,50.63,2.26
316,acapulco,75.0,MX,1545702300,78.0,16.86,-99.88,80.6,5.82
317,putina,40.0,PE,1545703200,81.0,-14.91,-69.87,51.8,3.36
318,nizhniy kuranakh,56.0,RU,1545704459,38.0,58.84,125.49,-26.19,3.38
319,linqiong,75.0,CN,1545703200,100.0,30.42,103.46,44.6,4.47
320,kholodnyy,32.0,RU,1545704459,40.0,62.72,147.95,-28.44,2.59
321,egvekinot,64.0,RU,1545704460,80.0,66.32,-179.17,-19.21,2.37
322,evansville,1.0,US,1545702960,75.0,37.97,-87.56,37.94,6.96
323,tuatapere,0.0,NZ,1545704461,60.0,-46.13,167.69,68.9,16.69
324,engenheiro beltrao,92.0,BR,1545704461,98.0,-23.8,-52.27,67.87,6.4
325,faya,0.0,SA,1545699600,57.0,18.39,42.45,51.8,1.25
326,mount pleasant,40.0,US,1545702960,57.0,33.16,-94.97,57.2,8.05
327,kahului,75.0,US,1545702960,84.0,20.89,-156.47,78.08,6.93
328,aksarka,48.0,RU,1545704462,80.0,66.56,67.8,-12.28,18.7
329,ancud,56.0,CL,1545703200,82.0,-41.87,-73.83,59.0,4.7
330,phalombe,68.0,MW,1545704463,99.0,-15.81,35.65,64.13,2.82
331,mangai,80.0,CD,1545704463,95.0,-4.07,19.59,71.51,2.15
332,arlit,0.0,NE,1545704463,62.0,18.74,7.39,47.39,2.93
333,samarai,20.0,PG,1545704464,99.0,-10.62,150.67,86.27,10.31
334,jacareacanga,68.0,BR,1545704464,98.0,-6.22,-57.76,72.73,2.15
335,moindou,92.0,NC,1545703200,74.0,-21.69,165.68,82.4,19.46
336,ambilobe,48.0,MG,1545704465,92.0,-13.19,49.05,75.29,6.62
337,kargopol,80.0,RU,1545704465,86.0,61.51,38.95,4.64,4.05
338,bathsheba,20.0,BB,1545703200,69.0,13.22,-59.52,77.0,16.11
339,pangnirtung,32.0,CA,1545704466,60.0,66.15,-65.72,-13.18,3.71
340,santa maria da boa vista,92.0,BR,1545704467,64.0,-8.8,-39.83,74.62,5.61
341,nobres,12.0,BR,1545704467,91.0,-14.72,-56.34,74.57,2.59
342,saldanha,64.0,PT,1545704467,90.0,41.42,-6.55,28.67,2.93
343,emba,90.0,CY,1545701400,71.0,34.81,32.42,53.6,9.17
344,bay roberts,90.0,CA,1545699600,73.0,47.58,-53.28,23.0,11.41
345,arroyos y esteros,0.0,PY,1545703200,88.0,-25.05,-57.1,77.0,2.93
346,port said,48.0,EG,1545704468,86.0,25.34,30.55,46.63,5.39
347,aldan,56.0,RU,1545704469,38.0,58.61,125.39,-26.19,3.38
348,thanh hoa,20.0,VN,1545703200,74.0,10.21,106.33,84.2,3.36
349,lima,90.0,PE,1545703200,78.0,-12.06,-77.04,71.6,6.93
350,qingdao,92.0,CN,1545703200,70.0,36.09,120.35,44.6,2.24
351,eureka,90.0,US,1545702900,100.0,40.8,-124.16,51.08,9.17
352,agadir,0.0,MA,1545703200,57.0,30.42,-9.58,51.8,5.82
353,teya,20.0,MX,1545702060,68.0,21.05,-89.07,71.6,11.41
354,lodwar,0.0,KE,1545704471,73.0,3.12,35.6,66.07,1.92
355,labuan,75.0,BN,1545703200,83.0,5.28,115.24,86.0,4.7
356,souillac,90.0,FR,1545701400,87.0,45.6,-0.6,53.6,3.36
357,houma,56.0,CN,1545704472,63.0,35.63,111.36,34.34,3.15
358,sterling,75.0,US,1545702960,52.0,39.0,-77.4,44.96,11.41
359,reconquista,0.0,AR,1545704472,73.0,-29.14,-59.64,73.4,7.96
360,kipini,20.0,KE,1545702900,86.0,-2.53,40.53,77.72,11.54
361,shenkursk,88.0,RU,1545704473,87.0,62.11,42.91,4.6,2.59
362,springbok,0.0,ZA,1545704473,81.0,-29.67,17.88,49.73,2.26
363,havelock,1.0,US,1545702960,92.0,34.88,-76.9,46.04,8.19
364,timmins,20.0,CA,1545700740,83.0,48.48,-81.33,-11.21,2.24
365,billings,90.0,US,1545702780,100.0,45.79,-108.5,32.0,3.49
366,mokhsogollokh,68.0,RU,1545704474,27.0,61.4,128.95,-19.08,7.29
367,la tijera,5.0,MX,1545702000,28.0,29.35,-110.8,68.0,3.36
368,teknaf,0.0,BD,1545704474,78.0,20.86,92.31,70.16,3.6
369,fredericksburg,1.0,US,1545704100,83.0,38.3,-77.46,33.98,6.4
370,north platte,1.0,US,1545699180,68.0,41.12,-100.77,28.04,2.93
371,mascote,92.0,BR,1545704475,82.0,-15.56,-39.3,79.88,7.74
372,bahia blanca,0.0,AR,1545704407,37.0,-38.72,-62.27,86.77,21.61
373,coquimbo,90.0,CL,1545703200,82.0,-29.95,-71.34,60.8,3.36
374,helmsdale,0.0,GB,1545702600,92.0,58.12,-3.65,35.6,2.24
375,mount gambier,20.0,AU,1545703200,53.0,-37.83,140.78,75.2,10.29
376,raudeberg,92.0,NO,1545702600,87.0,61.99,5.14,44.6,13.87
377,salinopolis,80.0,BR,1545704238,100.0,-0.61,-47.36,78.8,9.53
378,jinhua,64.0,CN,1545704467,87.0,29.11,119.65,54.14,2.82
379,san rafael,8.0,AR,1545704197,65.0,-34.61,-68.33,67.55,4.27
380,los llanos de aridane,0.0,ES,1545703200,68.0,28.66,-17.92,66.2,23.04
381,monaco-ville,75.0,FR,1545699300,17.0,43.73,7.42,53.6,18.34
382,lata,0.0,IN,1545704478,60.0,30.78,78.62,22.78,1.7
383,killybegs,80.0,IE,1545704478,99.0,54.63,-8.45,47.62,7.63
384,dhali,40.0,IN,1545703200,94.0,10.5,77.17,71.6,3.36
385,quelimane,8.0,MZ,1545704479,92.0,-17.88,36.89,71.06,2.93
386,bodri,0.0,IN,1545704480,71.0,23.17,81.43,52.52,2.15
387,chulman,56.0,RU,1545704480,39.0,56.84,124.9,-27.18,8.97
388,lat yao,0.0,TH,1545704480,55.0,15.75,99.79,85.64,1.92
389,bicske,75.0,HU,1545702240,59.0,47.49,18.64,33.8,13.87
390,torrington,20.0,US,1545702900,66.0,42.06,-104.18,37.58,4.7
391,luganville,76.0,VU,1545704481,95.0,-15.51,167.18,83.98,14.45
392,yarmouth,80.0,GB,1545699000,100.0,50.71,-1.5,39.2,4.7
393,cloquet,90.0,US,1545704100,90.0,46.72,-92.46,21.2,2.37
394,aizpute,64.0,LV,1545702600,100.0,56.72,21.61,32.0,9.17
395,bonavista,12.0,CA,1545704482,100.0,48.65,-53.11,24.22,13.67
396,sangar,0.0,RU,1545704482,48.0,63.92,127.47,-29.83,3.04
397,hambantota,20.0,LK,1545700200,100.0,6.12,81.12,73.4,2.24
398,alta gracia,0.0,AR,1545703200,64.0,-31.66,-64.43,68.0,5.82
399,beni,0.0,CD,1545704483,90.0,0.49,29.47,58.46,2.93
400,maraba,75.0,BR,1545703200,100.0,-5.35,-49.1,75.2,2.24
401,defiance,1.0,US,1545705300,77.0,41.28,-84.36,32.0,3.04
402,vestmanna,36.0,FO,1545702600,81.0,62.16,-7.17,42.8,16.11
403,lasa,90.0,CY,1545703200,71.0,34.92,32.53,51.8,8.05
404,iracoubo,92.0,GF,1545704484,97.0,5.48,-53.21,73.13,5.17
405,basco,90.0,US,1545702900,75.0,40.33,-91.2,39.2,5.82
406,noumea,88.0,NC,1545703200,74.0,-22.28,166.46,82.4,19.46
407,rock springs,1.0,US,1545702840,84.0,41.59,-109.2,21.02,10.29
408,champerico,40.0,MX,1545702240,73.0,16.38,-93.6,69.8,6.93
409,ojinaga,1.0,US,1545702900,45.0,29.56,-104.41,54.14,8.05
410,kudahuvadhoo,32.0,MV,1545704486,100.0,2.67,72.89,81.73,3.49
411,nauta,36.0,PE,1545704487,100.0,-4.51,-73.58,71.96,2.59
412,nanakuli,75.0,US,1545703020,76.0,21.39,-158.15,78.98,8.05
413,ouesso,36.0,CG,1545704487,82.0,1.61,16.05,73.22,2.26
414,harlingen,1.0,US,1545702900,83.0,26.19,-97.7,71.06,8.05
415,provost,32.0,CA,1545704487,81.0,52.35,-110.26,4.73,6.96
416,verkhnetulomskiy,75.0,RU,1545703200,85.0,68.61,31.8,14.0,8.95
417,kolo,8.0,TZ,1545704488,92.0,-4.73,35.84,55.76,2.37
418,bolshoye selo,88.0,RU,1545704489,86.0,57.72,38.93,13.64,9.19
419,ylivieska,88.0,FI,1545704194,92.0,64.07,24.53,25.7,7.29
420,caucaia,0.0,BR,1545703200,88.0,-3.73,-38.66,77.0,5.82
421,springdale,20.0,US,1545703080,56.0,36.19,-94.13,44.96,4.7
422,bayji,32.0,IQ,1545704196,88.0,34.93,43.49,35.6,2.93
423,hobyo,12.0,SO,1545704490,80.0,5.35,48.53,76.87,21.83
424,amurzet,8.0,CN,1545704197,75.0,47.69,131.09,7.79,6.62
425,kawambwa,68.0,ZM,1545704197,99.0,-9.8,29.07,65.66,3.38
426,rawson,24.0,AR,1545704491,43.0,-43.3,-65.11,69.71,8.41
427,steamboat springs,90.0,US,1545704100,91.0,40.48,-106.83,27.5,3.36
428,pimenta bueno,24.0,BR,1545704492,97.0,-11.68,-61.19,71.51,2.15
429,skelleftea,36.0,SE,1545702600,92.0,64.75,20.95,23.0,2.24
430,timra,80.0,SE,1545702600,92.0,62.49,17.33,21.2,10.54
431,senanga,8.0,ZM,1545704203,67.0,-16.1,23.3,68.27,6.4
432,peace river,5.0,CA,1545703200,76.0,56.23,-117.29,-4.01,4.7
433,lasem,20.0,ID,1545703200,74.0,-6.99,112.52,84.2,6.93
434,weligama,0.0,LK,1545704493,100.0,5.97,80.42,78.85,2.93
435,porto novo,75.0,BR,1545703200,94.0,-23.68,-45.44,68.0,4.7
436,north bend,90.0,US,1545702960,96.0,43.41,-124.22,48.92,14.99
437,clearwater,0.0,US,1545704100,87.0,27.97,-82.8,62.06,8.3
438,mount isa,0.0,AU,1545703200,23.0,-20.73,139.49,98.6,10.29
439,morgan city,20.0,US,1545704100,90.0,29.7,-91.21,55.94,5.82
440,huarmey,64.0,PE,1545704214,97.0,-10.07,-78.15,63.23,2.93
441,lebedinyy,56.0,RU,1545704495,38.0,58.52,125.52,-26.19,3.38
442,sao joao da barra,92.0,BR,1545704495,100.0,-21.64,-41.05,77.72,9.19
443,marzuq,0.0,YE,1545704495,74.0,14.4,46.47,31.73,2.48
444,sakaiminato,75.0,JP,1545703200,57.0,35.55,133.23,48.2,3.36
445,ler,90.0,NO,1545702600,86.0,63.2,10.3,42.8,24.16
446,iqaluit,90.0,CA,1545700680,76.0,63.75,-68.52,-11.21,25.28
447,salamiyah,44.0,SY,1545704218,92.0,35.01,37.05,37.58,3.38
448,penzance,56.0,GB,1545699000,100.0,50.12,-5.53,51.8,6.93
449,tancheng,92.0,CN,1545704497,100.0,33.44,116.55,42.22,4.61
450,ugoofaaru,68.0,MV,1545704497,100.0,5.67,73.0,81.55,13.44
451,palmares do sul,44.0,BR,1545704220,82.0,-30.26,-50.51,69.67,13.0
452,praia da vitoria,20.0,PT,1545699600,81.0,38.73,-27.07,51.8,11.99
453,saint-dizier,0.0,FR,1545701400,100.0,48.64,4.95,33.8,2.24
454,jalu,88.0,LY,1545704497,89.0,29.03,21.55,50.23,5.17
455,meulaboh,32.0,ID,1545704498,100.0,4.14,96.13,80.47,4.61
456,kapit,20.0,MY,1545704498,74.0,2.02,112.94,84.02,2.93
457,novyy karachay,20.0,RU,1545704498,58.0,43.82,41.9,11.98,3.15
458,ocean city,1.0,US,1545704100,82.0,30.44,-86.61,55.04,4.61
459,pontian kecil,75.0,MY,1545703200,83.0,1.48,103.39,86.0,2.24
460,port augusta,0.0,AU,1545703200,19.0,-32.49,137.76,95.0,10.29
461,bow island,90.0,CA,1545699600,92.0,49.87,-111.38,19.4,3.36
462,port pirie,0.0,AU,1545703200,19.0,-33.18,138.01,95.0,10.29
463,umba,80.0,RU,1545704500,99.0,66.69,34.34,14.63,11.77
464,owosso,90.0,US,1545704100,69.0,43.0,-84.18,30.74,3.36
465,lichinga,75.0,MZ,1545699600,100.0,-13.3,35.25,64.4,4.7
466,adeje,0.0,NG,1545704500,95.0,5.68,5.76,72.73,5.73
467,ballina,76.0,IE,1545704501,96.0,54.11,-9.15,48.43,11.43
468,yulara,0.0,AU,1545703200,6.0,-25.24,130.99,98.6,10.29
469,grindavik,75.0,IS,1545703200,100.0,63.84,-22.43,37.4,8.05
470,tabuk,56.0,PH,1545704235,78.0,17.41,121.44,76.37,1.59
471,nyagan,76.0,RU,1545704501,63.0,62.14,65.43,-13.23,8.52
472,almaznyy,40.0,RU,1545703200,86.0,48.03,40.04,33.8,15.66
473,bud,92.0,NO,1545702600,93.0,62.91,6.91,44.6,36.91
474,kuytun,36.0,RU,1545704502,61.0,54.34,101.51,-13.86,3.38
475,manokwari,36.0,ID,1545704502,91.0,-0.87,134.08,86.36,11.77
476,nam phong,0.0,TH,1545703200,61.0,16.71,102.87,78.8,2.24
477,koshki,92.0,RU,1545704503,88.0,54.2,50.47,13.28,14.79
478,gat,8.0,SN,1545703200,52.0,14.69,-16.54,69.8,11.41
479,nakonde,88.0,ZM,1545704503,99.0,-9.33,32.75,60.58,2.15
480,aswan,0.0,EG,1545699600,50.0,24.09,32.9,55.4,9.17
481,hakkari,90.0,FI,1545702600,92.0,61.34,23.75,24.8,6.93
482,portobelo,20.0,PA,1545703200,78.0,9.55,-79.65,78.8,6.93
483,erenhot,0.0,CN,1545704248,36.0,43.65,111.97,-4.41,5.61
484,kondoa,8.0,TZ,1545704505,92.0,-4.91,35.78,55.76,2.37
485,taltal,0.0,CL,1545704250,92.0,-25.41,-70.49,57.92,1.81
486,beringovskiy,0.0,RU,1545704505,100.0,63.05,179.32,-10.03,5.61
487,ust-maya,68.0,RU,1545704251,29.0,60.42,134.54,-19.98,4.94
488,sao felix do xingu,56.0,BR,1545704251,97.0,-6.64,-51.99,74.39,2.15
489,beyneu,88.0,KZ,1545704506,90.0,45.32,55.19,23.05,9.19
490,likhoslavl,88.0,RU,1545704252,88.0,57.12,35.47,13.01,7.18
491,oroville,1.0,US,1545703200,100.0,39.51,-121.56,51.8,4.7
492,zhicheng,92.0,CN,1545704252,72.0,35.04,112.59,38.98,5.5
493,saquarema,90.0,BR,1545703200,100.0,-22.93,-42.51,75.2,5.82
494,nongan,0.0,CN,1545703200,40.0,44.43,125.17,15.8,11.18
495,wahiawa,75.0,US,1545703020,76.0,21.5,-158.02,78.98,8.05
496,yaan,0.0,NG,1545704507,33.0,7.38,8.57,72.77,10.65
497,laguna,5.0,MX,1545702180,55.0,27.52,-110.01,64.4,3.36
498,qobustan,75.0,AZ,1545703200,87.0,40.08,49.41,44.6,9.17
499,plock,0.0,PL,1545703200,74.0,52.55,19.71,28.4,13.87
500,cabrobo,68.0,BR,1545704256,69.0,-8.51,-39.31,75.29,6.17
501,marawi,88.0,PH,1545704508,99.0,8.0,124.29,73.72,3.27
502,hokitika,0.0,NZ,1545704509,73.0,-42.72,170.96,69.08,12.77
503,moose factory,1.0,CA,1545703200,76.0,51.26,-80.61,-11.21,3.36
504,bloomfield,1.0,US,1545702780,61.0,40.81,-74.19,39.92,9.17
505,lusambo,68.0,CD,1545704509,95.0,-4.97,23.44,70.79,2.15
506,finnsnes,92.0,NO,1545702600,86.0,69.23,17.98,32.0,29.97
507,hovd,90.0,NO,1545702600,86.0,63.83,10.7,42.8,24.16
508,fortuna,32.0,ES,1545703200,93.0,38.18,-1.13,46.4,3.36
509,ust-kut,0.0,RU,1545704262,0.0,56.78,105.75,-40.23,2.48
510,xiongyue,0.0,CN,1545704510,44.0,40.18,122.12,32.63,13.44
511,armidale,20.0,AU,1545704511,68.0,-30.51,151.67,74.98,4.5
512,marystown,88.0,CA,1545704511,100.0,47.17,-55.16,30.74,13.0
513,marigot,32.0,HT,1545704511,100.0,18.23,-72.32,77.99,11.65
514,mbini,40.0,GQ,1545699600,100.0,1.58,9.62,78.8,6.96
515,matiguas,100.0,NI,1545704512,98.0,12.84,-85.46,70.97,9.98
516,williams lake,90.0,CA,1545699600,86.0,52.13,-122.14,28.4,2.15
517,marondera,100.0,ZW,1545704513,90.0,-18.19,31.55,62.87,4.27
518,gizo,0.0,IL,1545702600,76.0,31.8,34.94,57.2,5.82
519,salekhard,44.0,RU,1545704513,69.0,66.54,66.62,-15.25,12.44
520,kundiawa,80.0,PG,1545704513,96.0,-6.02,144.97,65.35,2.26
521,nizwa,0.0,OM,1545704514,84.0,22.93,57.53,47.84,2.93
522,ust-omchug,20.0,RU,1545704268,0.0,61.13,149.63,-32.08,2.59
523,karmaskaly,0.0,RU,1545703200,71.0,54.37,56.17,5.0,2.24
524,general roca,40.0,AR,1545703200,21.0,-39.03,-67.58,91.4,10.29
525,mecca,8.0,SA,1545704404,87.0,21.43,39.83,59.0,2.71
526,coihueco,0.0,CL,1545703200,49.0,-36.63,-71.83,71.6,6.93
527,burnie,0.0,AU,1545704275,89.0,-41.05,145.91,66.07,11.99
528,tessalit,0.0,ML,1545704515,52.0,20.2,1.01,44.78,6.73
529,conde,20.0,BR,1545704516,95.0,-11.81,-37.61,76.64,9.75
530,bundaberg,0.0,AU,1545703200,39.0,-24.87,152.35,82.4,14.99
531,suoyarvi,56.0,RU,1545704516,89.0,62.08,32.35,12.92,3.49
532,pedasi,0.0,PA,1545704517,94.0,7.53,-80.03,83.53,18.7
533,carai,76.0,BR,1545704517,95.0,-17.19,-41.69,69.53,2.37
534,umea,90.0,SE,1545702600,92.0,63.83,20.26,26.6,3.36
535,wajir,0.0,KE,1545704280,41.0,1.75,40.07,74.8,9.64
536,wamba,0.0,CD,1545704517,84.0,2.14,27.99,65.53,2.93
537,liwale,92.0,TZ,1545704518,99.0,-9.8,37.92,69.22,2.71
538,valasska bystrice,90.0,CZ,1545703200,79.0,49.42,18.11,30.2,2.24
539,ribas do rio pardo,76.0,BR,1545704518,93.0,-20.45,-53.76,74.03,3.83
540,goderich,88.0,CA,1545704518,89.0,43.74,-81.71,30.7,5.61
541,ruwi,20.0,OM,1545702600,77.0,23.6,58.55,66.2,3.36
542,san ramon,80.0,NI,1545704519,87.0,12.92,-85.84,68.05,3.27
543,sudzha,92.0,RU,1545704519,95.0,51.19,35.27,27.82,15.68
544,babushkin,24.0,RU,1545704519,100.0,51.72,105.86,-10.57,12.55
545,namatanai,20.0,PG,1545704520,100.0,-3.66,152.44,84.52,7.07
546,alamos,0.0,AR,1545704520,31.0,-36.9,-62.36,81.82,15.23
547,chaumont,0.0,FR,1545701400,100.0,48.11,5.14,30.2,2.24
548,krasnorechenskiy,0.0,RU,1545704291,37.0,44.63,135.35,23.63,4.72
549,marsabit,0.0,KE,1545704291,79.0,2.34,37.99,65.57,3.38
550,lethem,32.0,GY,1545704521,73.0,3.38,-59.8,78.22,12.77
551,terra santa,56.0,BR,1545704293,91.0,-2.1,-56.49,76.19,5.95
552,whitehorse,90.0,CA,1545699600,84.0,60.72,-135.06,3.2,2.26
553,campbell river,75.0,CA,1545703200,93.0,50.02,-125.24,41.0,5.82
